source_analysis_id,source_id,candidate_id,topic_id,substantive_summary,policy_positions,ideology_signals,chronology_summary,evidence_state,source_ids,claim_ids
source-analysis-src-20260418-abelardo-infobae,src-20260418-abelardo-infobae,abelardo-de-la-espriella,fiscal|paz|justicia|defensa|productividad|salud,"La fuente Infobae aporta evidencia sobre Fiscal, Paz y conflicto armado, Justicia e instituciones penales, Defensa y soberanía, Productividad y crecimiento, Salud. En términos sustantivos, registra: El candidato plantea desmontar la jurisdicción transicional vigente. | Infobae reporta que de la Espriella quiere reducir drásticamente la estructura estatal. | Infobae reporta una expansión carcelaria radical en la propuesta de de la Espriella. | La campaña de de la Espriella promete un plan de choque sanitario. | De la Espriella enlaza recorte del Estado con alivios tributarios. | De la Espriella promete reactivar varios sectores como base del crecimiento. | La propuesta de seguridad de de la Espriella combina cooperación internacional y fuerza dura..",El candidato plantea desmontar la jurisdicción transicional vigente. | Infobae reporta que de la Espriella quiere reducir drásticamente la estructura estatal. | Infobae reporta una expansión carcelaria radical en la propuesta de de la Espriella. | La campaña de de la Espriella promete un plan de choque sanitario. | De la Espriella enlaza recorte del Estado con alivios tributarios. | De la Espriella promete reactivar varios sectores como base del crecimiento. | La propuesta de seguridad de de la Espriella combina cooperación internacional y fuerza dura.,"rol económico del Estado, seguridad, justicia y paz, ambiente y modelo productivo",Infobae reporta que de la Espriella quiere reducir drásticamente la estructura estatal.,trazable_con_cautela,src-20260418-abelardo-infobae,claim-20260418-abelardo-estado|claim-20260418-abelardo-jep|claim-20260418-abelardo-impuestos|claim-20260418-abelardo-carceles|claim-20260418-abelardo-seguridad|claim-20260418-abelardo-economia|claim-20260418-abelardo-salud|src-20260418-abelardo-infobae-claim-1
source-analysis-src-20260418-abelardo-profile,src-20260418-abelardo-profile,abelardo-de-la-espriella,controversias-publicas|productividad,"La fuente RTVC Noticias aporta evidencia sobre Controversias públicas, Productividad y crecimiento. En términos sustantivos, registra: RTVC describe a Abelardo de la Espriella como abogado penalista y empresario de alta exposición. | Abogado penalista y empresario; su perfil público está ligado a clientes judiciales polémicos. | Abogado penalista y empresario; su perfil público está ligado a clientes judiciales polémicos.",RTVC describe a Abelardo de la Espriella como abogado penalista y empresario de alta exposición. | Abogado penalista y empresario; su perfil público está ligado a clientes judiciales polémicos. | Abogado penalista y empresario; su perfil público está ligado a clientes judiciales polémicos,relación Estado-mercado,Abogado penalista y empresario; su perfil público está ligado a clientes judiciales polémicos,trazable_con_cautela,src-20260418-abelardo-profile,claim-20260418-abelardo-bio|src-20260418-abelardo-profile-claim-1|src-20260418-abelardo-profile-claim-2
source-analysis-src-20260418-caicedo-caracol,src-20260418-caicedo-caracol,carlos-caicedo,educacion-superior,"La fuente Noticias Caracol aporta evidencia sobre Educación superior. En términos sustantivos, registra: Pagar por estudiar para evitar la deserción y ampliar acceso educativo | Carlos Caicedo pone la educación como eje central de su plataforma..",Pagar por estudiar para evitar la deserción y ampliar acceso educativo | Carlos Caicedo pone la educación como eje central de su plataforma.,"La fuente aporta contexto público, pero no deja una señal ideológica fuerte por sí sola.",Pagar por estudiar para evitar la deserción y ampliar acceso educativo,trazable_con_cautela,src-20260418-caicedo-caracol,claim-20260418-carlos-educacion|src-20260418-caicedo-caracol-claim-1|src-20260418-caicedo-caracol-claim-2
source-analysis-src-20260418-carlos-profile,src-20260418-carlos-profile,carlos-caicedo,trayectoria-publica,"La fuente RTVC Noticias aporta evidencia sobre Trayectoria pública. En términos sustantivos, registra: RTVC resalta el arraigo regional de Carlos Caicedo. | Exgobernador del Magdalena y exalcalde de Santa Marta; apuesta regional caribeña. | Exgobernador del Magdalena y exalcalde de Santa Marta; apuesta regional caribeña.",RTVC resalta el arraigo regional de Carlos Caicedo. | Exgobernador del Magdalena y exalcalde de Santa Marta; apuesta regional caribeña. | Exgobernador del Magdalena y exalcalde de Santa Marta; apuesta regional caribeña,"La fuente aporta contexto público, pero no deja una señal ideológica fuerte por sí sola.",Exgobernador del Magdalena y exalcalde de Santa Marta; apuesta regional caribeña,trazable_con_cautela,src-20260418-carlos-profile,claim-20260418-carlos-bio|src-20260418-carlos-profile-claim-1|src-20260418-carlos-profile-claim-2
source-analysis-src-20260418-clara-profile,src-20260418-clara-profile,clara-lopez,trayectoria-publica|educacion-superior,"La fuente RTVC Noticias aporta evidencia sobre Trayectoria pública, Educación superior. En términos sustantivos, registra: RTVC resume la larga trayectoria pública de Clara López. | Exministra, exsenadora y exalcaldesa encargada de Bogotá; representó una izquierda moderada. | Exministra, exsenadora y exalcaldesa encargada de Bogotá; representó una izquierda moderada.","RTVC resume la larga trayectoria pública de Clara López. | Exministra, exsenadora y exalcaldesa encargada de Bogotá; representó una izquierda moderada. | Exministra, exsenadora y exalcaldesa encargada de Bogotá; representó una izquierda moderada","La fuente aporta contexto público, pero no deja una señal ideológica fuerte por sí sola.","Exministra, exsenadora y exalcaldesa encargada de Bogotá; representó una izquierda moderada",trazable_con_cautela,src-20260418-clara-profile,claim-20260418-clara-bio|src-20260418-clara-profile-claim-1|src-20260418-clara-profile-claim-2
source-analysis-src-20260418-clara-renuncia,src-20260418-clara-renuncia,clara-lopez,vida-publica|trayectoria-publica,"La fuente Infobae aporta evidencia sobre Vida pública y trayectoria, Trayectoria pública. En términos sustantivos, registra: La renuncia fue formalizada ante la Registraduría y deja su casilla en blanco.",La renuncia fue formalizada ante la Registraduría y deja su casilla en blanco,"La fuente aporta contexto público, pero no deja una señal ideológica fuerte por sí sola.",La renuncia fue formalizada ante la Registraduría y deja su casilla en blanco,trazable_con_cautela,src-20260418-clara-renuncia,claim-20260418-clara-renuncia|src-20260418-clara-renuncia-claim-1|src-20260418-clara-renuncia-claim-2
source-analysis-src-20260418-claudia-forbes,src-20260418-claudia-forbes,claudia-lopez,fiscal|aseguramiento-salud|salud,"La fuente Forbes Colombia aporta evidencia sobre Fiscal, Aseguramiento y financiación, Salud. En términos sustantivos, registra: Continuidad selectiva de reformas, nueva regla fiscal y modelo mixto de salud. | Forbes reporta que Claudia López propone una nueva regla fiscal con reducción tributaria condicionada. | Forbes registra que Claudia López defiende un modelo mixto de salud..","Continuidad selectiva de reformas, nueva regla fiscal y modelo mixto de salud. | Forbes reporta que Claudia López propone una nueva regla fiscal con reducción tributaria condicionada. | Forbes registra que Claudia López defiende un modelo mixto de salud.","rol económico del Estado, relación Estado-mercado",Forbes reporta que Claudia López propone una nueva regla fiscal con reducción tributaria condicionada.,trazable_con_cautela,src-20260418-claudia-forbes,claim-20260418-claudia-fiscal|claim-20260418-claudia-salud|src-20260418-claudia-forbes-claim-1|src-20260418-claudia-forbes-claim-2
source-analysis-src-20260418-claudia-profile,src-20260418-claudia-profile,claudia-lopez,trayectoria-publica|educacion-superior,"La fuente RTVC Noticias aporta evidencia sobre Trayectoria pública, Educación superior. En términos sustantivos, registra: RTVC perfila a Claudia López desde su paso por el Senado y la Alcaldía de Bogotá. | Exalcaldesa de Bogotá y exsenadora; ganó la Consulta de las Soluciones. | Exalcaldesa de Bogotá y exsenadora; ganó la Consulta de las Soluciones.",RTVC perfila a Claudia López desde su paso por el Senado y la Alcaldía de Bogotá. | Exalcaldesa de Bogotá y exsenadora; ganó la Consulta de las Soluciones. | Exalcaldesa de Bogotá y exsenadora; ganó la Consulta de las Soluciones,"La fuente aporta contexto público, pero no deja una señal ideológica fuerte por sí sola.",Exalcaldesa de Bogotá y exsenadora; ganó la Consulta de las Soluciones,trazable_con_cautela,src-20260418-claudia-profile,claim-20260418-claudia-bio|src-20260418-claudia-profile-claim-1|src-20260418-claudia-profile-claim-2
source-analysis-src-20260418-claudia-program,src-20260418-claudia-program,claudia-lopez,seguridad-ciudadana|justicia|proteccion-social|genero-diversidad|educacion-superior|vivienda|agua-ambiente|trayectoria-publica|vida-publica,"La fuente Claudia López aporta evidencia sobre Seguridad ciudadana, Justicia e instituciones penales, Protección social, Género y diversidad, Educación superior, Vivienda, Agua y ambiente, Trayectoria pública, Vida pública y trayectoria. En términos sustantivos, registra: Seguridad, igualdad y desarrollo regional como acuerdos transversales | Claudia López pone el cuidado en el centro de su propuesta social. | El programa de Claudia López usa educación y productividad como motores de desarrollo. | El programa oficial de Claudia López prioriza seguridad y control territorial. | La propuesta oficial incluye vivienda y construcción como palanca de empleo. | La campaña de Claudia López combina sanción dura con segundas oportunidades. | La campaña de Claudia López conecta el sistema de cuidado con protección contra violencias. | La campaña de Claudia López trata el agua como derecho y bien común..","Seguridad, igualdad y desarrollo regional como acuerdos transversales | Claudia López pone el cuidado en el centro de su propuesta social. | El programa de Claudia López usa educación y productividad como motores de desarrollo. | El programa oficial de Claudia López prioriza seguridad y control territorial. | La propuesta oficial incluye vivienda y construcción como palanca de empleo. | La campaña de Claudia López combina sanción dura con segundas oportunidades. | La campaña de Claudia López conecta el sistema de cuidado con protección contra violencias. | La campaña de Claudia López trata el agua como derecho y bien común.","rol económico del Estado, relación Estado-mercado, seguridad, justicia y paz, derechos y agenda social","Seguridad, igualdad y desarrollo regional como acuerdos transversales",trazable_con_cautela,src-20260418-claudia-program,claim-20260418-claudia-seguridad|claim-20260418-claudia-justicia|claim-20260418-claudia-cuidado|claim-20260418-claudia-genero|claim-20260418-claudia-educacion|claim-20260418-claudia-vivienda|claim-20260418-claudia-agua|src-20260418-claudia-program-claim-1|src-20260418-claudia-program-claim-2
source-analysis-src-20260418-fajardo-official,src-20260418-fajardo-official,sergio-fajardo,seguridad-ciudadana|paz|anticorrupcion|aseguramiento-salud|genero-diversidad|salud,"La fuente Sergio Fajardo aporta evidencia sobre Seguridad ciudadana, Paz y conflicto armado, Anticorrupción y transparencia, Aseguramiento y financiación, Género y diversidad, Salud. En términos sustantivos, registra: Fajardo condiciona los diálogos con grupos armados a resultados concretos. | Fajardo diagnostica caos por incompetencia y opacidad en salud. | La propuesta anticorrupción de Fajardo enfatiza prevención y reacción coordinada. | La página de campaña de Fajardo dedica un eje específico a mujeres. | La página oficial de Sergio Fajardo centra su apertura de campaña en seguridad..",Fajardo condiciona los diálogos con grupos armados a resultados concretos. | Fajardo diagnostica caos por incompetencia y opacidad en salud. | La propuesta anticorrupción de Fajardo enfatiza prevención y reacción coordinada. | La página de campaña de Fajardo dedica un eje específico a mujeres. | La página oficial de Sergio Fajardo centra su apertura de campaña en seguridad.,"seguridad, justicia y paz, derechos y agenda social",La página oficial de Sergio Fajardo centra su apertura de campaña en seguridad.,trazable_con_cautela,src-20260418-fajardo-official,claim-20260418-fajardo-seguridad|claim-20260418-fajardo-paz|claim-20260418-fajardo-anticorrupcion|claim-20260418-fajardo-salud|claim-20260418-fajardo-mujeres|src-20260418-fajardo-official-claim-1
source-analysis-src-20260418-gustavo-profile,src-20260418-gustavo-profile,gustavo-matamoros,trayectoria-publica,"La fuente RTVC Noticias aporta evidencia sobre Trayectoria pública. En términos sustantivos, registra: RTVC describe a Gustavo Matamoros desde su carrera militar. | General retirado; centra su campaña en seguridad y presencia institucional. | General retirado; centra su campaña en seguridad y presencia institucional.",RTVC describe a Gustavo Matamoros desde su carrera militar. | General retirado; centra su campaña en seguridad y presencia institucional. | General retirado; centra su campaña en seguridad y presencia institucional,"seguridad, justicia y paz",General retirado; centra su campaña en seguridad y presencia institucional,trazable_con_cautela,src-20260418-gustavo-profile,claim-20260418-gustavo-bio|src-20260418-gustavo-profile-claim-1|src-20260418-gustavo-profile-claim-2
source-analysis-src-20260418-ivan-anticorrup,src-20260418-ivan-anticorrup,ivan-cepeda,anticorrupcion|trayectoria-publica,"La fuente Pacto Histórico aporta evidencia sobre Anticorrupción y transparencia, Trayectoria pública. En términos sustantivos, registra: La campaña de Cepeda anuncia una Ley Nacional contra la corrupción..",La campaña de Cepeda anuncia una Ley Nacional contra la corrupción.,"La fuente aporta contexto público, pero no deja una señal ideológica fuerte por sí sola.",La campaña de Cepeda anuncia una Ley Nacional contra la corrupción.,trazable_con_cautela,src-20260418-ivan-anticorrup,claim-20260418-ivan-anticorrupcion|src-20260418-ivan-anticorrup-claim-1|src-20260418-ivan-anticorrup-claim-2
source-analysis-src-20260418-ivan-economia,src-20260418-ivan-economia,ivan-cepeda,fiscal|transicion-energetica,"La fuente Infobae aporta evidencia sobre Fiscal, Transición energética. En términos sustantivos, registra: Continuidad macroeconómica con responsabilidad fiscal y transición energética. | Cepeda plantea una transición energética concertada con actores productivos y sociales. | Infobae reporta que Cepeda promete continuidad macroeconómica frente al gobierno Petro..",Continuidad macroeconómica con responsabilidad fiscal y transición energética. | Cepeda plantea una transición energética concertada con actores productivos y sociales. | Infobae reporta que Cepeda promete continuidad macroeconómica frente al gobierno Petro.,relación Estado-mercado,Continuidad macroeconómica con responsabilidad fiscal y transición energética.,trazable_con_cautela,src-20260418-ivan-economia,claim-20260418-ivan-economia|claim-20260418-ivan-transicion|src-20260418-ivan-economia-claim-1
source-analysis-src-20260418-ivan-profile,src-20260418-ivan-profile,ivan-cepeda,trayectoria-publica|defensa,"La fuente RTVC Noticias aporta evidencia sobre Trayectoria pública, Defensa y soberanía. En términos sustantivos, registra: RTVC ubica a Iván Cepeda como senador y defensor de derechos humanos. | Senador y filósofo; la defensa de derechos humanos marcó su trayectoria..",RTVC ubica a Iván Cepeda como senador y defensor de derechos humanos. | Senador y filósofo; la defensa de derechos humanos marcó su trayectoria.,"seguridad, justicia y paz",RTVC ubica a Iván Cepeda como senador y defensor de derechos humanos.,trazable_con_cautela,src-20260418-ivan-profile,claim-20260418-ivan-bio|src-20260418-ivan-profile-claim-1
source-analysis-src-20260418-ivan-program-home,src-20260418-ivan-program-home,ivan-cepeda,paz|justicia,"La fuente Pacto Histórico aporta evidencia sobre Paz y conflicto armado, Justicia e instituciones penales. En términos sustantivos, registra: Programa para profundizar justicia social y paz total. | La página oficial de campaña presenta la profundización de la paz total como parte central del programa..",Programa para profundizar justicia social y paz total. | La página oficial de campaña presenta la profundización de la paz total como parte central del programa.,"seguridad, justicia y paz",Programa para profundizar justicia social y paz total.,trazable_con_cautela,src-20260418-ivan-program-home,claim-20260418-ivan-paz-total|src-20260418-ivan-program-home-claim-1
source-analysis-src-20260418-ivan-tunja,src-20260418-ivan-tunja,ivan-cepeda,tierras|transporte|transicion-energetica,"La fuente Pacto Histórico aporta evidencia sobre Tierras y desarrollo rural, Transporte e infraestructura, Transición energética. En términos sustantivos, registra: La agenda en Boyacá incluye tierra para los campesinos. | La campaña en Tunja incluye transporte férreo para Boyacá..",La agenda en Boyacá incluye tierra para los campesinos. | La campaña en Tunja incluye transporte férreo para Boyacá.,"La fuente aporta contexto público, pero no deja una señal ideológica fuerte por sí sola.",La agenda en Boyacá incluye tierra para los campesinos.,trazable_con_cautela,src-20260418-ivan-tunja,claim-20260418-ivan-tierras|claim-20260418-ivan-tren|src-20260418-ivan-tunja-claim-1
source-analysis-src-20260418-mauricio-caracol,src-20260418-mauricio-caracol,mauricio-lizcano,seguridad-ciudadana|trayectoria-publica,"La fuente Noticias Caracol aporta evidencia sobre Seguridad ciudadana, Trayectoria pública. En términos sustantivos, registra: Seguridad con ministro activo, bloques élite y tecnología en taxis. | Noticias Caracol recoge una agenda de seguridad fuertemente tecnificada..","Seguridad con ministro activo, bloques élite y tecnología en taxis. | Noticias Caracol recoge una agenda de seguridad fuertemente tecnificada.","seguridad, justicia y paz","Seguridad con ministro activo, bloques élite y tecnología en taxis.",trazable_con_cautela,src-20260418-mauricio-caracol,claim-20260418-mauricio-seguridad|src-20260418-mauricio-caracol-claim-1|src-20260418-mauricio-caracol-claim-2
source-analysis-src-20260418-mauricio-espectador,src-20260418-mauricio-espectador,mauricio-lizcano,productividad,"La fuente EL ESPECTADOR aporta evidencia sobre Productividad y crecimiento. En términos sustantivos, registra: El Espectador reporta que Lizcano quiere duplicar el ingreso per cápita..",El Espectador reporta que Lizcano quiere duplicar el ingreso per cápita.,"seguridad, justicia y paz",El Espectador reporta que Lizcano quiere duplicar el ingreso per cápita.,trazable_con_cautela,src-20260418-mauricio-espectador,claim-20260418-mauricio-ingresos|src-20260418-mauricio-espectador-claim-1|src-20260418-mauricio-espectador-claim-2
source-analysis-src-20260418-mauricio-profile,src-20260418-mauricio-profile,mauricio-lizcano,redes-poder|trayectoria-publica,"La fuente RTVC Noticias aporta evidencia sobre Redes políticas y familiares, Trayectoria pública. En términos sustantivos, registra: RTVC ubica a Mauricio Lizcano en una trayectoria de gobierno y origen político familiar. | Exministro TIC y exdirector del DAPRE; hijo del excongresista Óscar Tulio Lizcano. | Exministro TIC y exdirector del DAPRE; hijo del excongresista Óscar Tulio Lizcano.",RTVC ubica a Mauricio Lizcano en una trayectoria de gobierno y origen político familiar. | Exministro TIC y exdirector del DAPRE; hijo del excongresista Óscar Tulio Lizcano. | Exministro TIC y exdirector del DAPRE; hijo del excongresista Óscar Tulio Lizcano,derechos y agenda social,Exministro TIC y exdirector del DAPRE; hijo del excongresista Óscar Tulio Lizcano,trazable_con_cautela,src-20260418-mauricio-profile,claim-20260418-mauricio-bio|src-20260418-mauricio-profile-claim-1|src-20260418-mauricio-profile-claim-2
source-analysis-src-20260418-miguel-profile,src-20260418-miguel-profile,miguel-uribe,trayectoria-publica,"La fuente RTVC Noticias aporta evidencia sobre Trayectoria pública. En términos sustantivos, registra: RTVC presenta a Miguel Uribe Londoño desde su perfil académico y docente. | Economista, abogado, periodista y docente; compite desde la centroderecha. | Economista, abogado, periodista y docente; compite desde la centroderecha.","RTVC presenta a Miguel Uribe Londoño desde su perfil académico y docente. | Economista, abogado, periodista y docente; compite desde la centroderecha. | Economista, abogado, periodista y docente; compite desde la centroderecha","La fuente aporta contexto público, pero no deja una señal ideológica fuerte por sí sola.","Economista, abogado, periodista y docente; compite desde la centroderecha",trazable_con_cautela,src-20260418-miguel-profile,claim-20260418-miguel-bio|src-20260418-miguel-profile-claim-1|src-20260418-miguel-profile-claim-2
source-analysis-src-20260418-murillo-elpais,src-20260418-murillo-elpais,luis-gilberto-murillo,desigualdad|educacion,"La fuente El País Cali aporta evidencia sobre Desigualdad y movilidad, Educación. En términos sustantivos, registra: El País Cali registra que Murillo pone las regiones olvidadas en el centro..",El País Cali registra que Murillo pone las regiones olvidadas en el centro.,"La fuente aporta contexto público, pero no deja una señal ideológica fuerte por sí sola.",El País Cali registra que Murillo pone las regiones olvidadas en el centro.,trazable_con_cautela,src-20260418-murillo-elpais,claim-20260418-murillo-regiones|src-20260418-murillo-elpais-claim-1
source-analysis-src-20260418-murillo-espectador,src-20260418-murillo-espectador,luis-gilberto-murillo,educacion-superior|seguridad-ciudadana|relaciones-exteriores|productividad|educacion,"La fuente EL ESPECTADOR aporta evidencia sobre Educación superior, Seguridad ciudadana, Relaciones exteriores, Productividad y crecimiento, Educación. En términos sustantivos, registra: Murillo enfatiza la relación empresa-Estado-comunidades para el desarrollo. | Murillo plantea la educación como mecanismo para no desperdiciar talento. | Murillo propone una respuesta territorializada a la seguridad. | Murillo vincula infraestructura y comercio exterior como eje económico..",Murillo enfatiza la relación empresa-Estado-comunidades para el desarrollo. | Murillo plantea la educación como mecanismo para no desperdiciar talento. | Murillo propone una respuesta territorializada a la seguridad. | Murillo vincula infraestructura y comercio exterior como eje económico.,"rol económico del Estado, relación Estado-mercado, seguridad, justicia y paz",Murillo plantea la educación como mecanismo para no desperdiciar talento.,trazable_con_cautela,src-20260418-murillo-espectador,claim-20260418-murillo-educacion|claim-20260418-murillo-seguridad|claim-20260418-murillo-puertos|claim-20260418-murillo-alianza|src-20260418-murillo-espectador-claim-1
source-analysis-src-20260418-murillo-profile,src-20260418-murillo-profile,luis-gilberto-murillo,trayectoria-publica,"La fuente RTVC Noticias aporta evidencia sobre Trayectoria pública. En términos sustantivos, registra: RTVC resume la trayectoria diplomática y regional de Luis Gilberto Murillo. | Excanciller y exgobernador; desarrollo sostenible e inclusión regional marcan su trayectoria. | Excanciller y exgobernador; desarrollo sostenible e inclusión regional marcan su trayectoria.",RTVC resume la trayectoria diplomática y regional de Luis Gilberto Murillo. | Excanciller y exgobernador; desarrollo sostenible e inclusión regional marcan su trayectoria. | Excanciller y exgobernador; desarrollo sostenible e inclusión regional marcan su trayectoria,"rol económico del Estado, ambiente y modelo productivo",Excanciller y exgobernador; desarrollo sostenible e inclusión regional marcan su trayectoria,trazable_con_cautela,src-20260418-murillo-profile,claim-20260418-murillo-bio|src-20260418-murillo-profile-claim-1|src-20260418-murillo-profile-claim-2
source-analysis-src-20260418-paloma-elpais,src-20260418-paloma-elpais,paloma-valencia,defensa|salud|justicia,"La fuente EL PAÍS aporta evidencia sobre Defensa y soberanía, Salud, Justicia e instituciones penales. En términos sustantivos, registra: Plan 10 con seguridad, salud, energía y justicia rápida. | EL PAÍS reporta un salto cuantitativo en gasto y pie de fuerza propuesto por Valencia. | El Plan 10 de Valencia plantea un choque inicial sobre la crisis del sistema de salud. | La campaña de Valencia propone una expansión punitiva con componente productivo..","Plan 10 con seguridad, salud, energía y justicia rápida. | EL PAÍS reporta un salto cuantitativo en gasto y pie de fuerza propuesto por Valencia. | El Plan 10 de Valencia plantea un choque inicial sobre la crisis del sistema de salud. | La campaña de Valencia propone una expansión punitiva con componente productivo.","seguridad, justicia y paz","Plan 10 con seguridad, salud, energía y justicia rápida.",trazable_con_cautela,src-20260418-paloma-elpais,claim-20260418-paloma-seguridad|claim-20260418-paloma-salud|claim-20260418-paloma-carceles|src-20260418-paloma-elpais-claim-1
source-analysis-src-20260418-paloma-eltiempo,src-20260418-paloma-eltiempo,paloma-valencia,transicion-energetica|transporte|educacion-basica|emprendimiento|vivienda,"La fuente EL TIEMPO aporta evidencia sobre Transición energética, Transporte e infraestructura, Educación básica, Emprendimiento y empresa, Vivienda. En términos sustantivos, registra: El Tiempo reporta que Valencia propone financiar elección de colegio con recursos públicos. | El programa de Valencia incluye vivienda progresiva. | La agenda de Paloma Valencia incluye infraestructura rural concreta. | La propuesta económica de Paloma Valencia pasa por simplificar carga regulatoria. | El Tiempo resume que Paloma Valencia impulsa una revolución energética multisource..",El Tiempo reporta que Valencia propone financiar elección de colegio con recursos públicos. | El programa de Valencia incluye vivienda progresiva. | La agenda de Paloma Valencia incluye infraestructura rural concreta. | La propuesta económica de Paloma Valencia pasa por simplificar carga regulatoria. | El Tiempo resume que Paloma Valencia impulsa una revolución energética multisource.,"rol económico del Estado, derechos y agenda social",La agenda de Paloma Valencia incluye infraestructura rural concreta.,trazable_con_cautela,src-20260418-paloma-eltiempo,claim-20260418-paloma-energia|claim-20260418-paloma-vias|claim-20260418-paloma-educacion|claim-20260418-paloma-formalizacion|claim-20260418-paloma-vivienda|src-20260418-paloma-eltiempo-claim-1
source-analysis-src-20260418-paloma-official,src-20260418-paloma-official,paloma-valencia,vida-publica,"La fuente Paloma Valencia aporta evidencia sobre Vida pública y trayectoria. En términos sustantivos, registra: Programa Integrado de Gobierno publicado por la campaña | Programa Integrado de Gobierno publicado por la campaña..",Programa Integrado de Gobierno publicado por la campaña | Programa Integrado de Gobierno publicado por la campaña.,"La fuente aporta contexto público, pero no deja una señal ideológica fuerte por sí sola.",Programa Integrado de Gobierno publicado por la campaña.,trazable_con_cautela,src-20260418-paloma-official,src-20260418-paloma-official-claim-1|src-20260418-paloma-official-claim-2
source-analysis-src-20260418-paloma-profile,src-20260418-paloma-profile,paloma-valencia,redes-poder|educacion-superior,"La fuente RTVC Noticias aporta evidencia sobre Redes políticas y familiares, Educación superior. En términos sustantivos, registra: RTVC resalta el peso político y familiar de Paloma Valencia. | Senadora del Centro Democrático y nieta del expresidente Guillermo León Valencia. | Senadora del Centro Democrático y nieta del expresidente Guillermo León Valencia.",RTVC resalta el peso político y familiar de Paloma Valencia. | Senadora del Centro Democrático y nieta del expresidente Guillermo León Valencia. | Senadora del Centro Democrático y nieta del expresidente Guillermo León Valencia,derechos y agenda social,Senadora del Centro Democrático y nieta del expresidente Guillermo León Valencia,trazable_con_cautela,src-20260418-paloma-profile,claim-20260418-paloma-bio|src-20260418-paloma-profile-claim-1|src-20260418-paloma-profile-claim-2
source-analysis-src-20260418-raul-profile,src-20260418-raul-profile,raul-botero,trayectoria-publica|productividad,"La fuente RTVC Noticias aporta evidencia sobre Trayectoria pública, Productividad y crecimiento. En términos sustantivos, registra: RTVC perfila a Santiago Botero como empresario financiero independiente. | Empresario y fundador de Fin Social; se presenta como opción independiente. | Empresario y fundador de Fin Social; se presenta como opción independiente.",RTVC perfila a Santiago Botero como empresario financiero independiente. | Empresario y fundador de Fin Social; se presenta como opción independiente. | Empresario y fundador de Fin Social; se presenta como opción independiente,relación Estado-mercado,Empresario y fundador de Fin Social; se presenta como opción independiente,trazable_con_cautela,src-20260418-raul-profile,claim-20260418-raul-bio|src-20260418-raul-profile-claim-1|src-20260418-raul-profile-claim-2
source-analysis-src-20260418-roy-efe,src-20260418-roy-efe,roy-barreras,productividad|paz|justicia,"La fuente EFE aporta evidencia sobre Productividad y crecimiento, Paz y conflicto armado, Justicia e instituciones penales. En términos sustantivos, registra: EFE recoge que Roy Barreras quiere reactivar la producción para financiar la agenda social. | Roy Barreras ofrece una política de paz menos abierta y más judicializada..",EFE recoge que Roy Barreras quiere reactivar la producción para financiar la agenda social. | Roy Barreras ofrece una política de paz menos abierta y más judicializada.,"relación Estado-mercado, seguridad, justicia y paz",EFE recoge que Roy Barreras quiere reactivar la producción para financiar la agenda social.,trazable_con_cautela,src-20260418-roy-efe,claim-20260418-roy-productividad|claim-20260418-roy-paz|src-20260418-roy-efe-claim-1
source-analysis-src-20260418-roy-profile,src-20260418-roy-profile,roy-barreras,trayectoria-publica|salud,"La fuente RTVC Noticias aporta evidencia sobre Trayectoria pública, Salud. En términos sustantivos, registra: Exsenador con roles clave en paz, salud y reformas institucionales..","Exsenador con roles clave en paz, salud y reformas institucionales.","seguridad, justicia y paz","Exsenador con roles clave en paz, salud y reformas institucionales.",trazable_con_cautela,src-20260418-roy-profile,claim-20260418-roy-bio|src-20260418-roy-profile-claim-1
source-analysis-src-20260418-santiago-caracol,src-20260418-santiago-caracol,raul-botero,justicia|defensa,"La fuente Noticias Caracol aporta evidencia sobre Justicia e instituciones penales, Defensa y soberanía. En términos sustantivos, registra: Noticias Caracol registra una propuesta punitiva extrema de Santiago Botero. | Botero combina castigo duro con fortalecimiento operativo de la Fuerza Pública..",Noticias Caracol registra una propuesta punitiva extrema de Santiago Botero. | Botero combina castigo duro con fortalecimiento operativo de la Fuerza Pública.,"La fuente aporta contexto público, pero no deja una señal ideológica fuerte por sí sola.",Noticias Caracol registra una propuesta punitiva extrema de Santiago Botero.,trazable_con_cautela,src-20260418-santiago-caracol,claim-20260418-santiago-pena-muerte|claim-20260418-santiago-fuerza-publica|src-20260418-santiago-caracol-claim-1|src-20260418-santiago-caracol-claim-2
source-analysis-src-20260418-sergio-profile,src-20260418-sergio-profile,sergio-fajardo,trayectoria-publica|educacion,"La fuente RTVC Noticias aporta evidencia sobre Trayectoria pública, Educación. En términos sustantivos, registra: Exalcalde de Medellín y exgobernador de Antioquia; insiste en educación y transparencia..",Exalcalde de Medellín y exgobernador de Antioquia; insiste en educación y transparencia.,"La fuente aporta contexto público, pero no deja una señal ideológica fuerte por sí sola.",Exalcalde de Medellín y exgobernador de Antioquia; insiste en educación y transparencia.,trazable_con_cautela,src-20260418-sergio-profile,claim-20260418-sergio-bio|src-20260418-sergio-profile-claim-1
source-analysis-src-20260418-sondra-profile,src-20260418-sondra-profile,sondra-macollins,controversias-publicas|defensa,"La fuente RTVC Noticias aporta evidencia sobre Controversias públicas, Defensa y soberanía. En términos sustantivos, registra: Abogada penalista con alta exposición por defensas judiciales de alto perfil..",Abogada penalista con alta exposición por defensas judiciales de alto perfil.,"La fuente aporta contexto público, pero no deja una señal ideológica fuerte por sí sola.",Abogada penalista con alta exposición por defensas judiciales de alto perfil.,trazable_con_cautela,src-20260418-sondra-profile,claim-20260418-sondra-bio|src-20260418-sondra-profile-claim-1|src-20260418-sondra-profile-claim-2
source-analysis-src-20260419-abelardo-debate-elpais,src-20260419-abelardo-debate-elpais,abelardo-de-la-espriella,vida-publica|reforma-politica,"La fuente EL PAÍS aporta evidencia sobre Vida pública y trayectoria, Reforma política. En términos sustantivos, registra: Abelardo de la Espriella aceptó el reto de debate lanzado por Cepeda. | EL PAÍS reporta que Abelardo de la Espriella aceptó el reto y pidió que los medios organicen pronto el debate. | EL PAÍS reporta que Abelardo de la Espriella aceptó el reto y pidió que los medios organicen pronto el debate.",Abelardo de la Espriella aceptó el reto de debate lanzado por Cepeda. | EL PAÍS reporta que Abelardo de la Espriella aceptó el reto y pidió que los medios organicen pronto el debate. | EL PAÍS reporta que Abelardo de la Espriella aceptó el reto y pidió que los medios organicen pronto el debate,"La fuente aporta contexto público, pero no deja una señal ideológica fuerte por sí sola.",EL PAÍS reporta que Abelardo de la Espriella aceptó el reto y pidió que los medios organicen pronto el debate,trazable_con_cautela,src-20260419-abelardo-debate-elpais,claim-20260419-abelardo-acepta-debate|src-20260419-abelardo-debate-elpais-claim-1|src-20260419-abelardo-debate-elpais-claim-2
source-analysis-src-20260419-claudia-energia-elpais,src-20260419-claudia-energia-elpais,claudia-lopez,agua-ambiente|vida-publica|trayectoria-publica,"La fuente EL PAÍS aporta evidencia sobre Agua y ambiente, Vida pública y trayectoria, Trayectoria pública. En términos sustantivos, registra: EL PAÍS recoge que López quiere incorporar a las comunidades con licenciamiento social y sacar a los criminales de la minería. | En el foro energético, Claudia López defendió formalizar la relación entre minería y comunidades..","EL PAÍS recoge que López quiere incorporar a las comunidades con licenciamiento social y sacar a los criminales de la minería. | En el foro energético, Claudia López defendió formalizar la relación entre minería y comunidades.","La fuente aporta contexto público, pero no deja una señal ideológica fuerte por sí sola.",EL PAÍS recoge que López quiere incorporar a las comunidades con licenciamiento social y sacar a los criminales de la minería.,trazable_con_cautela,src-20260419-claudia-energia-elpais,claim-20260419-claudia-mineria-social|src-20260419-claudia-energia-elpais-claim-1|src-20260419-claudia-energia-elpais-claim-2
source-analysis-src-20260419-ivan-debate-elpais,src-20260419-ivan-debate-elpais,ivan-cepeda,vida-publica|trayectoria-publica,"La fuente EL PAÍS aporta evidencia sobre Vida pública y trayectoria, Trayectoria pública. En términos sustantivos, registra: Cepeda giró su estrategia y retó a Paloma Valencia y Abelardo de la Espriella a debatir. | EL PAÍS reporta que Cepeda retó a Paloma Valencia y Abelardo de la Espriella a debatir sobre propuestas de fondo. | EL PAÍS reporta que Cepeda retó a Paloma Valencia y Abelardo de la Espriella a debatir sobre propuestas de fondo.",Cepeda giró su estrategia y retó a Paloma Valencia y Abelardo de la Espriella a debatir. | EL PAÍS reporta que Cepeda retó a Paloma Valencia y Abelardo de la Espriella a debatir sobre propuestas de fondo. | EL PAÍS reporta que Cepeda retó a Paloma Valencia y Abelardo de la Espriella a debatir sobre propuestas de fondo,"La fuente aporta contexto público, pero no deja una señal ideológica fuerte por sí sola.",EL PAÍS reporta que Cepeda retó a Paloma Valencia y Abelardo de la Espriella a debatir sobre propuestas de fondo,trazable_con_cautela,src-20260419-ivan-debate-elpais,claim-20260419-ivan-reto-debate|src-20260419-ivan-debate-elpais-claim-1|src-20260419-ivan-debate-elpais-claim-2
source-analysis-src-20260419-paloma-debate-elpais,src-20260419-paloma-debate-elpais,paloma-valencia,vida-publica|trayectoria-publica,"La fuente EL PAÍS aporta evidencia sobre Vida pública y trayectoria, Trayectoria pública. En términos sustantivos, registra: Paloma Valencia aceptó el reto de debate lanzado por Cepeda. | EL PAÍS reporta que Paloma Valencia aceptó el reto y pidió un moderador independiente y un canal nacional. | EL PAÍS reporta que Paloma Valencia aceptó el reto y pidió un moderador independiente y un canal nacional.",Paloma Valencia aceptó el reto de debate lanzado por Cepeda. | EL PAÍS reporta que Paloma Valencia aceptó el reto y pidió un moderador independiente y un canal nacional. | EL PAÍS reporta que Paloma Valencia aceptó el reto y pidió un moderador independiente y un canal nacional,"La fuente aporta contexto público, pero no deja una señal ideológica fuerte por sí sola.",EL PAÍS reporta que Paloma Valencia aceptó el reto y pidió un moderador independiente y un canal nacional,trazable_con_cautela,src-20260419-paloma-debate-elpais,claim-20260419-paloma-acepta-debate|src-20260419-paloma-debate-elpais-claim-1|src-20260419-paloma-debate-elpais-claim-2
source-analysis-src-20260419-paloma-energia-elpais,src-20260419-paloma-energia-elpais,paloma-valencia,transicion-energetica|trayectoria-publica,"La fuente EL PAÍS aporta evidencia sobre Transición energética, Trayectoria pública. En términos sustantivos, registra: En el foro de Cartagena, Paloma Valencia insistió en reactivar la oferta energética..","En el foro de Cartagena, Paloma Valencia insistió en reactivar la oferta energética.","La fuente aporta contexto público, pero no deja una señal ideológica fuerte por sí sola.","En el foro de Cartagena, Paloma Valencia insistió en reactivar la oferta energética.",trazable_con_cautela,src-20260419-paloma-energia-elpais,claim-20260419-paloma-energia-foro|src-20260419-paloma-energia-elpais-claim-1|src-20260419-paloma-energia-elpais-claim-2
source-analysis-src-20260419-sergio-debate-elpais,src-20260419-sergio-debate-elpais,sergio-fajardo,vida-publica|trayectoria-publica,"La fuente EL PAÍS aporta evidencia sobre Vida pública y trayectoria, Trayectoria pública. En términos sustantivos, registra: Fajardo aprovechó el reto de Cepeda para reiterar que quiere estar en los debates de fondo. | EL PAÍS reporta que Fajardo dijo estar listo para debatir y pidió incluir a quienes no representan la polarización Petro-Uribe. | EL PAÍS reporta que Fajardo dijo estar listo para debatir y pidió incluir a quienes no representan la polarización Petro-Uribe.",Fajardo aprovechó el reto de Cepeda para reiterar que quiere estar en los debates de fondo. | EL PAÍS reporta que Fajardo dijo estar listo para debatir y pidió incluir a quienes no representan la polarización Petro-Uribe. | EL PAÍS reporta que Fajardo dijo estar listo para debatir y pidió incluir a quienes no representan la polarización Petro-Uribe,"La fuente aporta contexto público, pero no deja una señal ideológica fuerte por sí sola.",EL PAÍS reporta que Fajardo dijo estar listo para debatir y pidió incluir a quienes no representan la polarización Petro-Uribe,trazable_con_cautela,src-20260419-sergio-debate-elpais,claim-20260419-fajardo-listo-debate|src-20260419-sergio-debate-elpais-claim-1|src-20260419-sergio-debate-elpais-claim-2
source-analysis-src-20260419-sergio-energia-elpais,src-20260419-sergio-energia-elpais,sergio-fajardo,transicion-energetica|trayectoria-publica,"La fuente EL PAÍS aporta evidencia sobre Transición energética, Trayectoria pública. En términos sustantivos, registra: Fajardo vinculó la agenda energética con sostenibilidad y control criminal..",Fajardo vinculó la agenda energética con sostenibilidad y control criminal.,"La fuente aporta contexto público, pero no deja una señal ideológica fuerte por sí sola.",Fajardo vinculó la agenda energética con sostenibilidad y control criminal.,trazable_con_cautela,src-20260419-sergio-energia-elpais,claim-20260419-sergio-energia-legalidad|src-20260419-sergio-energia-elpais-claim-1|src-20260419-sergio-energia-elpais-claim-2
source-analysis-src-20260420-abelardo-program-pdf,src-20260420-abelardo-program-pdf,abelardo-de-la-espriella,vida-publica|trayectoria-publica,"La fuente Defensores de la Patria aporta evidencia sobre Vida pública y trayectoria, Trayectoria pública. En términos sustantivos, registra: PRESIDENTE 2026 - 2030 EL MILAGRO DE LOS NUNCA PRIMERAS 13 PROPUESTAS PARA RECONSTRUIR LA PATRIA MILAGRO ¡ESTO SOMOS NOSOTROS! LOS QUE NUNCA NOS HEMOS ROBADO UN PESO DE LA PLATA....",PRESIDENTE 2026 - 2030 EL MILAGRO DE LOS NUNCA PRIMERAS 13 PROPUESTAS PARA RECONSTRUIR LA PATRIA MILAGRO ¡ESTO SOMOS NOSOTROS! LOS QUE NUNCA NOS HEMOS ROBADO UN PESO DE LA PLATA...,"La fuente aporta contexto público, pero no deja una señal ideológica fuerte por sí sola.",PRESIDENTE 2026 - 2030 EL MILAGRO DE LOS NUNCA PRIMERAS 13 PROPUESTAS PARA RECONSTRUIR LA PATRIA MILAGRO ¡ESTO SOMOS NOSOTROS! LOS QUE NUNCA NOS HEMOS ROBADO UN PESO DE LA PLATA...,trazable_con_cautela,src-20260420-abelardo-program-pdf,src-20260420-abelardo-program-pdf-claim-1|src-20260420-abelardo-program-pdf-claim-2|src-20260420-abelardo-program-pdf-claim-3
source-analysis-src-20260420-claudia-program-pdf,src-20260420-claudia-program-pdf,claudia-lopez,fiscal,"La fuente Claudia López aporta evidencia sobre Fiscal. En términos sustantivos, registra: 1 2 3 4 5 ¿QUIÉNES SOMOS? Las mayorías de Colombia no son ‘de izquierda’, ‘de derecha’ o ‘de centro’. Esa es una falsa divi- sión. Las mayorías somos gente buena, honra- da y tr....","1 2 3 4 5 ¿QUIÉNES SOMOS? Las mayorías de Colombia no son ‘de izquierda’, ‘de derecha’ o ‘de centro’. Esa es una falsa divi- sión. Las mayorías somos gente buena, honra- da y tr...","La fuente aporta contexto público, pero no deja una señal ideológica fuerte por sí sola.","1 2 3 4 5 ¿QUIÉNES SOMOS? Las mayorías de Colombia no son ‘de izquierda’, ‘de derecha’ o ‘de centro’. Esa es una falsa divi- sión. Las mayorías somos gente buena, honra- da y tr...",trazable_con_cautela,src-20260420-claudia-program-pdf,src-20260420-claudia-program-pdf-claim-1
source-analysis-src-20260420-fajardo-program-pdf,src-20260420-fajardo-program-pdf,sergio-fajardo,fiscal,"La fuente Sergio Fajardo aporta evidencia sobre Fiscal. En términos sustantivos, registra: Aquí empieza la construcción de la Colombia que necesitamos.",Aquí empieza la construcción de la Colombia que necesitamos,"La fuente aporta contexto público, pero no deja una señal ideológica fuerte por sí sola.",Aquí empieza la construcción de la Colombia que necesitamos,trazable_con_cautela,src-20260420-fajardo-program-pdf,src-20260420-fajardo-program-pdf-claim-1
source-analysis-src-20260420-ivan-program-pdf,src-20260420-ivan-program-pdf,ivan-cepeda,fiscal,"La fuente Pacto Histórico aporta evidencia sobre Fiscal. En términos sustantivos, registra: EL CAMBIO Sí SE SIENTE, Y SE DEFIENDE VOTANDO Vota 31 de mayo 2 Ni un paso atrás 5 cosas en común entre Iván Cepeda y Aida Quilqué 5 Ambos participaron del Acuerdo de Paz con la....","EL CAMBIO Sí SE SIENTE, Y SE DEFIENDE VOTANDO Vota 31 de mayo 2 Ni un paso atrás 5 cosas en común entre Iván Cepeda y Aida Quilqué 5 Ambos participaron del Acuerdo de Paz con la...","seguridad, justicia y paz","EL CAMBIO Sí SE SIENTE, Y SE DEFIENDE VOTANDO Vota 31 de mayo 2 Ni un paso atrás 5 cosas en común entre Iván Cepeda y Aida Quilqué 5 Ambos participaron del Acuerdo de Paz con la...",trazable_con_cautela,src-20260420-ivan-program-pdf,src-20260420-ivan-program-pdf-claim-1
source-analysis-src-20260420-murillo-program-home,src-20260420-murillo-program-home,luis-gilberto-murillo,vida-publica|trayectoria-publica,"La fuente Murillo presidente aporta evidencia sobre Vida pública y trayectoria, Trayectoria pública. En términos sustantivos, registra: Ha sido gobernador, ministro, embajador y consultor internacional, siempre con un sello claro: impulsar la equidad en las regiones, el respeto y la sostenibilidad ambiental, y la paz en los territorios | Sitio oficial accesible en HTML; se convirtió con MarkItDown desde la portada que enlaza categorías programáticas y recursos de campaña..","Ha sido gobernador, ministro, embajador y consultor internacional, siempre con un sello claro: impulsar la equidad en las regiones, el respeto y la sostenibilidad ambiental, y la paz en los territorios | Sitio oficial accesible en HTML; se convirtió con MarkItDown desde la portada que enlaza categorías programáticas y recursos de campaña.","seguridad, justicia y paz","Ha sido gobernador, ministro, embajador y consultor internacional, siempre con un sello claro: impulsar la equidad en las regiones, el respeto y la sostenibilidad ambiental, y la paz en los territorios",trazable_con_cautela,src-20260420-murillo-program-home,src-20260420-murillo-program-home-claim-1|src-20260420-murillo-program-home-claim-2|src-20260420-murillo-program-home-claim-3
source-analysis-src-20260420-paloma-program-pdf,src-20260420-paloma-program-pdf,paloma-valencia,vida-publica|trayectoria-publica,"La fuente Paloma Valencia aporta evidencia sobre Vida pública y trayectoria, Trayectoria pública. En términos sustantivos, registra: 111PUNTOS DEL PLAN DE GOBIERNO Paloma Valencia y Juan Daniel Oviedo Firmeza para estabilizar · Corazón para transformar ·Visión para el futuro Colombia Más Grande · 2026 NUESTRO... | La fuente aporta información pública trazable sobre la candidatura..",111PUNTOS DEL PLAN DE GOBIERNO Paloma Valencia y Juan Daniel Oviedo Firmeza para estabilizar · Corazón para transformar ·Visión para el futuro Colombia Más Grande · 2026 NUESTRO... | La fuente aporta información pública trazable sobre la candidatura.,"La fuente aporta contexto público, pero no deja una señal ideológica fuerte por sí sola.",111PUNTOS DEL PLAN DE GOBIERNO Paloma Valencia y Juan Daniel Oviedo Firmeza para estabilizar · Corazón para transformar ·Visión para el futuro Colombia Más Grande · 2026 NUESTRO...,trazable_con_cautela,src-20260420-paloma-program-pdf,src-20260420-paloma-program-pdf-claim-1|src-20260420-paloma-program-pdf-claim-2|src-20260420-paloma-program-pdf-claim-3
source-analysis-src-20260421-ivan-vanguardia,src-20260421-ivan-vanguardia,ivan-cepeda,reforma-politica,"La fuente Vanguardia aporta evidencia sobre Reforma política. En términos sustantivos, registra: Anuncio que asistira a debates presidenciales y reto a Paloma Valencia y Abelardo de la Espriella a debatir propuestas de fondo. | Anuncio que asistira a debates presidenciales y reto a Paloma Valencia y Abelardo de la Espriella a debatir propuestas de fondo.",Anuncio que asistira a debates presidenciales y reto a Paloma Valencia y Abelardo de la Espriella a debatir propuestas de fondo. | Anuncio que asistira a debates presidenciales y reto a Paloma Valencia y Abelardo de la Espriella a debatir propuestas de fondo,"La fuente aporta contexto público, pero no deja una señal ideológica fuerte por sí sola.",Anuncio que asistira a debates presidenciales y reto a Paloma Valencia y Abelardo de la Espriella a debatir propuestas de fondo.,trazable_con_cautela,src-20260421-ivan-vanguardia,src-20260421-ivan-vanguardia-claim-1|src-20260421-ivan-vanguardia-claim-2
source-analysis-src-20260421-murillo-tiempo,src-20260421-murillo-tiempo,luis-gilberto-murillo,relaciones-exteriores,"La fuente EL TIEMPO aporta evidencia sobre Relaciones exteriores. En términos sustantivos, registra: Defendio su gestion sobre pasaportes y planteo que su campaña busca representar a la Colombia olvidada..",Defendio su gestion sobre pasaportes y planteo que su campaña busca representar a la Colombia olvidada.,"La fuente aporta contexto público, pero no deja una señal ideológica fuerte por sí sola.",Defendio su gestion sobre pasaportes y planteo que su campaña busca representar a la Colombia olvidada.,trazable_con_cautela,src-20260421-murillo-tiempo,src-20260421-murillo-tiempo-claim-1|src-20260421-murillo-tiempo-claim-2
source-analysis-src-20260422-abelardo-infobae,src-20260422-abelardo-infobae,abelardo-de-la-espriella,reforma-politica,"La fuente Infobae aporta evidencia sobre Reforma política. En términos sustantivos, registra: Abelardo de la Espriella planteo limitar los debates a quienes considera con mayores opciones y dijo que incluir a todos impediria un debate de fondo..",Abelardo de la Espriella planteo limitar los debates a quienes considera con mayores opciones y dijo que incluir a todos impediria un debate de fondo.,"La fuente aporta contexto público, pero no deja una señal ideológica fuerte por sí sola.",Abelardo de la Espriella planteo limitar los debates a quienes considera con mayores opciones y dijo que incluir a todos impediria un debate de fondo.,trazable_con_cautela,src-20260422-abelardo-infobae,src-20260422-abelardo-infobae-claim-1|src-20260422-abelardo-infobae-claim-2
source-analysis-src-20260422-claudia-infobae,src-20260422-claudia-infobae,claudia-lopez,vida-publica|trayectoria-publica,"La fuente Infobae aporta evidencia sobre Vida pública y trayectoria, Trayectoria pública. En términos sustantivos, registra: Rechazo replicar el modelo Bukele en Colombia y sostuvo que la seguridad debe fortalecerse sin abusos ni falsos positivos..",Rechazo replicar el modelo Bukele en Colombia y sostuvo que la seguridad debe fortalecerse sin abusos ni falsos positivos.,"seguridad, justicia y paz",Rechazo replicar el modelo Bukele en Colombia y sostuvo que la seguridad debe fortalecerse sin abusos ni falsos positivos.,trazable_con_cautela,src-20260422-claudia-infobae,src-20260422-claudia-infobae-claim-1|src-20260422-claudia-infobae-claim-2
source-analysis-src-20260423-fajardo-espectador,src-20260423-fajardo-espectador,sergio-fajardo,seguridad-ciudadana,"La fuente EL ESPECTADOR aporta evidencia sobre Seguridad ciudadana. En términos sustantivos, registra: Planteo que la criminalidad se ha expandido por el pais y cuestiono que la campaña siga atrapada en la polarizacion en vez de discutir propuestas..",Planteo que la criminalidad se ha expandido por el pais y cuestiono que la campaña siga atrapada en la polarizacion en vez de discutir propuestas.,"La fuente aporta contexto público, pero no deja una señal ideológica fuerte por sí sola.",Planteo que la criminalidad se ha expandido por el pais y cuestiono que la campaña siga atrapada en la polarizacion en vez de discutir propuestas.,trazable_con_cautela,src-20260423-fajardo-espectador,src-20260423-fajardo-espectador-claim-1|src-20260423-fajardo-espectador-claim-2
source-analysis-src-20260424-abelardo-colpensiones-elpais,src-20260424-abelardo-colpensiones-elpais,abelardo-de-la-espriella,pobreza-desigualdad,"La fuente EL PAÍS aporta evidencia sobre Pobreza, desigualdad y protección social. En términos sustantivos, registra: Anuncia una demanda y solicitud de suspension provisional contra el decreto que ordena trasladar recursos desde fondos privados a Colpensiones..",Anuncia una demanda y solicitud de suspension provisional contra el decreto que ordena trasladar recursos desde fondos privados a Colpensiones.,"La fuente aporta contexto público, pero no deja una señal ideológica fuerte por sí sola.",Anuncia una demanda y solicitud de suspension provisional contra el decreto que ordena trasladar recursos desde fondos privados a Colpensiones.,trazable_con_cautela,src-20260424-abelardo-colpensiones-elpais,src-20260424-abelardo-colpensiones-elpais-claim-1
source-analysis-src-20260424-claudia-debates-elpais,src-20260424-claudia-debates-elpais,claudia-lopez,instituciones-anticorrupcion,"La fuente EL PAÍS aporta evidencia sobre Instituciones y anticorrupción. En términos sustantivos, registra: Solicita que las autoridades electorales organicen tres debates de una hora con todos los candidatos presidenciales..",Solicita que las autoridades electorales organicen tres debates de una hora con todos los candidatos presidenciales.,"La fuente aporta contexto público, pero no deja una señal ideológica fuerte por sí sola.",Solicita que las autoridades electorales organicen tres debates de una hora con todos los candidatos presidenciales.,trazable_con_cautela,src-20260424-claudia-debates-elpais,src-20260424-claudia-debates-elpais-claim-1
source-analysis-src-20260424-paloma-seguridad-elpais,src-20260424-paloma-seguridad-elpais,paloma-valencia,seguridad-justicia,"La fuente EL PAÍS aporta evidencia sobre Seguridad y justicia. En términos sustantivos, registra: Propone reactivar las ordenes de captura contra criminales nombrados gestores de paz como primer decreto de gobierno..",Propone reactivar las ordenes de captura contra criminales nombrados gestores de paz como primer decreto de gobierno.,"seguridad, justicia y paz",Propone reactivar las ordenes de captura contra criminales nombrados gestores de paz como primer decreto de gobierno.,trazable_con_cautela,src-20260424-paloma-seguridad-elpais,src-20260424-paloma-seguridad-elpais-claim-1
source-analysis-src-20260501-ivan-constituyente-elpais,src-20260501-ivan-constituyente-elpais,ivan-cepeda,instituciones-anticorrupcion,"La fuente EL PAIS aporta evidencia sobre Instituciones y anticorrupción. En términos sustantivos, registra: Prioriza un acuerdo nacional para tramitar reformas por el Congreso y no presenta la Constituyente como bandera central de su campaña..",Prioriza un acuerdo nacional para tramitar reformas por el Congreso y no presenta la Constituyente como bandera central de su campaña.,"La fuente aporta contexto público, pero no deja una señal ideológica fuerte por sí sola.",Prioriza un acuerdo nacional para tramitar reformas por el Congreso y no presenta la Constituyente como bandera central de su campaña.,trazable_con_cautela,src-20260501-ivan-constituyente-elpais,src-20260501-ivan-constituyente-elpais-claim-1
source-analysis-src-20260501-murillo-coordinacion-territorial-elcolombiano,src-20260501-murillo-coordinacion-territorial-elcolombiano,luis-gilberto-murillo,instituciones-anticorrupcion,"La fuente El Colombiano aporta evidencia sobre Instituciones y anticorrupción. En términos sustantivos, registra: Propone crear un Consejo Nacional de Coordinacion Territorial con decisiones vinculantes entre presidente, gobernadores y alcaldes..","Propone crear un Consejo Nacional de Coordinacion Territorial con decisiones vinculantes entre presidente, gobernadores y alcaldes.",rol económico del Estado,"Propone crear un Consejo Nacional de Coordinacion Territorial con decisiones vinculantes entre presidente, gobernadores y alcaldes.",trazable_con_cautela,src-20260501-murillo-coordinacion-territorial-elcolombiano,src-20260501-murillo-coordinacion-territorial-elcolombiano-claim-1
source-analysis-src-20260501-paloma-seguridad-api,src-20260501-paloma-seguridad-api,paloma-valencia,seguridad-justicia,"La fuente Agencia Periodismo Investigativo aporta evidencia sobre Seguridad y justicia. En términos sustantivos, registra: Propone militarizar el corredor Cali-Popayan-Pasto-Rumichaca y reforzar el control carcelario como parte de su plan de seguridad..",Propone militarizar el corredor Cali-Popayan-Pasto-Rumichaca y reforzar el control carcelario como parte de su plan de seguridad.,"seguridad, justicia y paz",Propone militarizar el corredor Cali-Popayan-Pasto-Rumichaca y reforzar el control carcelario como parte de su plan de seguridad.,trazable_con_cautela,src-20260501-paloma-seguridad-api,src-20260501-paloma-seguridad-api-claim-1
source-analysis-src-20260502-ivan-trabajo-sindicatos-api,src-20260502-ivan-trabajo-sindicatos-api,ivan-cepeda,empleo-empresa,"La fuente Agencia Periodismo Investigativo aporta evidencia sobre Empleo y empresa. En términos sustantivos, registra: Se compromete a mantener concertacion permanente con las centrales obreras e impulsar un estatuto del trabajo con formalizacion justa, proteccion social y mejoras pensionales..","Se compromete a mantener concertacion permanente con las centrales obreras e impulsar un estatuto del trabajo con formalizacion justa, proteccion social y mejoras pensionales.",relación Estado-mercado,"Se compromete a mantener concertacion permanente con las centrales obreras e impulsar un estatuto del trabajo con formalizacion justa, proteccion social y mejoras pensionales.",trazable_con_cautela,src-20260502-ivan-trabajo-sindicatos-api,src-20260502-ivan-trabajo-sindicatos-api-claim-1
source-analysis-src-20260502-paloma-meta-infraestructura-api,src-20260502-paloma-meta-infraestructura-api,paloma-valencia,vivienda-infraestructura,"La fuente Agencia Periodismo Investigativo aporta evidencia sobre Vivienda e infraestructura. En términos sustantivos, registra: Prioriza resolver la Via al Llano con una nueva concesion integral, intervencion de mas de 100 puntos criticos y una ruta alterna por el Sisga..","Prioriza resolver la Via al Llano con una nueva concesion integral, intervencion de mas de 100 puntos criticos y una ruta alterna por el Sisga.",relación Estado-mercado,"Prioriza resolver la Via al Llano con una nueva concesion integral, intervencion de mas de 100 puntos criticos y una ruta alterna por el Sisga.",trazable_con_cautela,src-20260502-paloma-meta-infraestructura-api,src-20260502-paloma-meta-infraestructura-api-claim-1
source-analysis-src-20260506-fajardo-educacion-elpais,src-20260506-fajardo-educacion-elpais,sergio-fajardo,educacion,"La fuente EL PAIS America Colombia aporta evidencia sobre Educación. En términos sustantivos, registra: Presenta un plan educativo de cinco puntos con cobertura plena de educacion inicial, arte escolar, fortalecimiento de ICETEX, apoyo a docentes y seguimiento tecnico..","Presenta un plan educativo de cinco puntos con cobertura plena de educacion inicial, arte escolar, fortalecimiento de ICETEX, apoyo a docentes y seguimiento tecnico.","La fuente aporta contexto público, pero no deja una señal ideológica fuerte por sí sola.","Presenta un plan educativo de cinco puntos con cobertura plena de educacion inicial, arte escolar, fortalecimiento de ICETEX, apoyo a docentes y seguimiento tecnico.",trazable_con_cautela,src-20260506-fajardo-educacion-elpais,src-20260506-fajardo-educacion-elpais-claim-1
source-analysis-src-20260506-murillo-retiro-cepeda-elpais,src-20260506-murillo-retiro-cepeda-elpais,luis-gilberto-murillo,vida-publica,"La fuente EL PAIS America Colombia aporta evidencia sobre Vida pública y trayectoria. En términos sustantivos, registra: Declina su candidatura presidencial y prepara su adhesion a la campaña de Ivan Cepeda..",Declina su candidatura presidencial y prepara su adhesion a la campaña de Ivan Cepeda.,"La fuente aporta contexto público, pero no deja una señal ideológica fuerte por sí sola.",Declina su candidatura presidencial y prepara su adhesion a la campaña de Ivan Cepeda.,trazable_con_cautela,src-20260506-murillo-retiro-cepeda-elpais,src-20260506-murillo-retiro-cepeda-elpais-claim-1
source-analysis-src-20260506-paloma-soat-regalias-bluradio,src-20260506-paloma-soat-regalias-bluradio,paloma-valencia,vivienda-infraestructura,"La fuente Blu Radio aporta evidencia sobre Vivienda e infraestructura. En términos sustantivos, registra: Propone que el Estado asuma el SOAT de motos hasta 250 cc y lo financie con regalías y recaudo..",Propone que el Estado asuma el SOAT de motos hasta 250 cc y lo financie con regalías y recaudo.,rol económico del Estado,Propone que el Estado asuma el SOAT de motos hasta 250 cc y lo financie con regalías y recaudo.,trazable_con_cautela,src-20260506-paloma-soat-regalias-bluradio,src-20260506-paloma-soat-regalias-bluradio-claim-1
source-analysis-src-20260507-abelardo-char-elpais,src-20260507-abelardo-char-elpais,abelardo-de-la-espriella,vida-publica,"La fuente EL PAIS aporta evidencia sobre Vida pública y trayectoria. En términos sustantivos, registra: La familia Char prepara su respaldo oficial a la candidatura de Abelardo de la Espriella para fortalecerlo en el Caribe..",La familia Char prepara su respaldo oficial a la candidatura de Abelardo de la Espriella para fortalecerlo en el Caribe.,derechos y agenda social,La familia Char prepara su respaldo oficial a la candidatura de Abelardo de la Espriella para fortalecerlo en el Caribe.,trazable_con_cautela,src-20260507-abelardo-char-elpais,src-20260507-abelardo-char-elpais-claim-1
source-analysis-src-20260507-fajardo-seguridad-infobae,src-20260507-fajardo-seguridad-infobae,sergio-fajardo,seguridad-justicia,"La fuente Infobae aporta evidencia sobre Seguridad y justicia. En términos sustantivos, registra: Plantea un programa de Ciudades mas Seguras, un plan antiextorsion y presencia permanente del Estado en territorios criticos..","Plantea un programa de Ciudades mas Seguras, un plan antiextorsion y presencia permanente del Estado en territorios criticos.","rol económico del Estado, seguridad, justicia y paz","Plantea un programa de Ciudades mas Seguras, un plan antiextorsion y presencia permanente del Estado en territorios criticos.",trazable_con_cautela,src-20260507-fajardo-seguridad-infobae,src-20260507-fajardo-seguridad-infobae-claim-1
source-analysis-src-20260507-ivan-software-electoral-oficial,src-20260507-ivan-software-electoral-oficial,ivan-cepeda,instituciones-anticorrupcion,"La fuente Ivan Cepeda 2026 aporta evidencia sobre Instituciones y anticorrupción. En términos sustantivos, registra: Reclama una auditoria real del software electoral con acceso tecnico suficiente, trazabilidad del codigo y acompanamiento independiente..","Reclama una auditoria real del software electoral con acceso tecnico suficiente, trazabilidad del codigo y acompanamiento independiente.","La fuente aporta contexto público, pero no deja una señal ideológica fuerte por sí sola.","Reclama una auditoria real del software electoral con acceso tecnico suficiente, trazabilidad del codigo y acompanamiento independiente.",trazable_con_cautela,src-20260507-ivan-software-electoral-oficial,src-20260507-ivan-software-electoral-oficial-claim-1
source-analysis-src-20260507-murillo-adhesion-cepeda-elpais,src-20260507-murillo-adhesion-cepeda-elpais,luis-gilberto-murillo,vida-publica,"La fuente EL PAIS aporta evidencia sobre Vida pública y trayectoria. En términos sustantivos, registra: Retira su aspiracion presidencial y se suma a la Alianza por la Vida de Ivan Cepeda..",Retira su aspiracion presidencial y se suma a la Alianza por la Vida de Ivan Cepeda.,"La fuente aporta contexto público, pero no deja una señal ideológica fuerte por sí sola.",Retira su aspiracion presidencial y se suma a la Alianza por la Vida de Ivan Cepeda.,trazable_con_cautela,src-20260507-murillo-adhesion-cepeda-elpais,src-20260507-murillo-adhesion-cepeda-elpais-claim-1
source-analysis-src-20260507-paloma-prestamo-eeuu-infobae,src-20260507-paloma-prestamo-eeuu-infobae,paloma-valencia,economia,"La fuente Infobae aporta evidencia sobre Economía. En términos sustantivos, registra: Propone pedir a Estados Unidos un prestamo cercano a US$50.000 millones para refinanciar la deuda y acompanar el ajuste con recorte del Estado..",Propone pedir a Estados Unidos un prestamo cercano a US$50.000 millones para refinanciar la deuda y acompanar el ajuste con recorte del Estado.,rol económico del Estado,Propone pedir a Estados Unidos un prestamo cercano a US$50.000 millones para refinanciar la deuda y acompanar el ajuste con recorte del Estado.,trazable_con_cautela,src-20260507-paloma-prestamo-eeuu-infobae,src-20260507-paloma-prestamo-eeuu-infobae-claim-1
source-analysis-src-20260510-ivan-microempresas-vanguardia,src-20260510-ivan-microempresas-vanguardia,ivan-cepeda,empleo-empresa,"La fuente Vanguardia aporta evidencia sobre Empleo y empresa. En términos sustantivos, registra: Propone otorgar creditos de hasta 50 millones de pesos a 200.000 microempresas familiares para reactivar la economia popular y fronteriza..",Propone otorgar creditos de hasta 50 millones de pesos a 200.000 microempresas familiares para reactivar la economia popular y fronteriza.,"relación Estado-mercado, derechos y agenda social",Propone otorgar creditos de hasta 50 millones de pesos a 200.000 microempresas familiares para reactivar la economia popular y fronteriza.,trazable_con_cautela,src-20260510-ivan-microempresas-vanguardia,src-20260510-ivan-microempresas-vanguardia-claim-1
source-analysis-src-20260512-claudia-plan-gobierno-elespectador,src-20260512-claudia-plan-gobierno-elespectador,claudia-lopez,seguridad-justicia|pobreza-desigualdad,"La fuente El Espectador aporta evidencia sobre Seguridad y justicia, Pobreza, desigualdad y protección social. En términos sustantivos, registra: Plantea crear un Sistema Nacional de Cuidado y Proteccion Social con corresponsabilidad estatal, privada y comunitaria. | Propone una reforma de seguridad y justicia con Fiscalia Antimafia, reorganizacion judicial y recuperacion del control territorial..","Plantea crear un Sistema Nacional de Cuidado y Proteccion Social con corresponsabilidad estatal, privada y comunitaria. | Propone una reforma de seguridad y justicia con Fiscalia Antimafia, reorganizacion judicial y recuperacion del control territorial.","rol económico del Estado, seguridad, justicia y paz, derechos y agenda social","Propone una reforma de seguridad y justicia con Fiscalia Antimafia, reorganizacion judicial y recuperacion del control territorial.",trazable_con_cautela,src-20260512-claudia-plan-gobierno-elespectador,src-20260512-claudia-plan-gobierno-elespectador-claim-1|src-20260512-claudia-plan-gobierno-elespectador-claim-2
source-analysis-src-20260512-fajardo-plan-gobierno-elespectador,src-20260512-fajardo-plan-gobierno-elespectador,sergio-fajardo,salud|economia,"La fuente El Espectador aporta evidencia sobre Salud, Economía. En términos sustantivos, registra: Plantea ordenar y estabilizar el sistema de salud con liquidez, sostenibilidad financiera, APS y salud digital. | Propone un ajuste fiscal responsable y creible para estabilizar deuda, reducir deficit y reordenar el uso del gasto publico..","Plantea ordenar y estabilizar el sistema de salud con liquidez, sostenibilidad financiera, APS y salud digital. | Propone un ajuste fiscal responsable y creible para estabilizar deuda, reducir deficit y reordenar el uso del gasto publico.","La fuente aporta contexto público, pero no deja una señal ideológica fuerte por sí sola.","Plantea ordenar y estabilizar el sistema de salud con liquidez, sostenibilidad financiera, APS y salud digital.",trazable_con_cautela,src-20260512-fajardo-plan-gobierno-elespectador,src-20260512-fajardo-plan-gobierno-elespectador-claim-1|src-20260512-fajardo-plan-gobierno-elespectador-claim-2
source-analysis-src-20260512-paloma-medicamentos-caracol,src-20260512-paloma-medicamentos-caracol,paloma-valencia,salud,"La fuente Caracol Radio aporta evidencia sobre Salud. En términos sustantivos, registra: Propone una compra extraordinaria de medicamentos por 3 billones, reconocer deudas del sistema y desatrasar atenciones en 100 dias sin eliminar las EPS..","Propone una compra extraordinaria de medicamentos por 3 billones, reconocer deudas del sistema y desatrasar atenciones en 100 dias sin eliminar las EPS.","La fuente aporta contexto público, pero no deja una señal ideológica fuerte por sí sola.","Propone una compra extraordinaria de medicamentos por 3 billones, reconocer deudas del sistema y desatrasar atenciones en 100 dias sin eliminar las EPS.",trazable_con_cautela,src-20260512-paloma-medicamentos-caracol,src-20260512-paloma-medicamentos-caracol-claim-1
source-analysis-src-20260513-abelardo-protesta-infobae,src-20260513-abelardo-protesta-infobae,abelardo-de-la-espriella,seguridad-justicia,"La fuente Infobae aporta evidencia sobre Seguridad y justicia. En términos sustantivos, registra: Propone permitir la protesta pacifica, pero impedir bloqueos y responder con fuerza inmediata y judicializacion a ataques contra la Fuerza Publica..","Propone permitir la protesta pacifica, pero impedir bloqueos y responder con fuerza inmediata y judicializacion a ataques contra la Fuerza Publica.","seguridad, justicia y paz","Propone permitir la protesta pacifica, pero impedir bloqueos y responder con fuerza inmediata y judicializacion a ataques contra la Fuerza Publica.",trazable_con_cautela,src-20260513-abelardo-protesta-infobae,src-20260513-abelardo-protesta-infobae-claim-1
source-analysis-src-20260514-claudia-salud-caracol,src-20260514-claudia-salud-caracol,claudia-lopez,salud,"La fuente Caracol Radio aporta evidencia sobre Salud. En términos sustantivos, registra: Promete garantizar medicamentos de continuidad desde la primera semana de gobierno con verificacion territorial y uso del flujo existente de recursos de salud..",Promete garantizar medicamentos de continuidad desde la primera semana de gobierno con verificacion territorial y uso del flujo existente de recursos de salud.,"La fuente aporta contexto público, pero no deja una señal ideológica fuerte por sí sola.",Promete garantizar medicamentos de continuidad desde la primera semana de gobierno con verificacion territorial y uso del flujo existente de recursos de salud.,trazable_con_cautela,src-20260514-claudia-salud-caracol,src-20260514-claudia-salud-caracol-claim-1
source-analysis-src-20260514-fajardo-salud-caracol,src-20260514-fajardo-salud-caracol,sergio-fajardo,salud,"La fuente Caracol Radio aporta evidencia sobre Salud. En términos sustantivos, registra: Plantea iniciar en los primeros 100 dias un saneamiento del sistema de salud con puesto de mando presidencial, emergencia para medicamentos y recalculo de la UPC..","Plantea iniciar en los primeros 100 dias un saneamiento del sistema de salud con puesto de mando presidencial, emergencia para medicamentos y recalculo de la UPC.","La fuente aporta contexto público, pero no deja una señal ideológica fuerte por sí sola.","Plantea iniciar en los primeros 100 dias un saneamiento del sistema de salud con puesto de mando presidencial, emergencia para medicamentos y recalculo de la UPC.",trazable_con_cautela,src-20260514-fajardo-salud-caracol,src-20260514-fajardo-salud-caracol-claim-1
source-analysis-src-20260516-claudia-policia-local-caracoltv,src-20260516-claudia-policia-local-caracoltv,claudia-lopez,seguridad-justicia,"La fuente Noticias Caracol aporta evidencia sobre Seguridad y justicia. En términos sustantivos, registra: Propone una policia local, una Fiscalia antimafia y un nuevo regimen penitenciario para combatir inseguridad urbana, terrorismo y mafias..","Propone una policia local, una Fiscalia antimafia y un nuevo regimen penitenciario para combatir inseguridad urbana, terrorismo y mafias.","seguridad, justicia y paz","Propone una policia local, una Fiscalia antimafia y un nuevo regimen penitenciario para combatir inseguridad urbana, terrorismo y mafias.",trazable_con_cautela,src-20260516-claudia-policia-local-caracoltv,src-20260516-claudia-policia-local-caracoltv-claim-1
source-analysis-src-20260516-fajardo-50000-policias-caracoltv,src-20260516-fajardo-50000-policias-caracoltv,sergio-fajardo,seguridad-justicia,"La fuente Noticias Caracol aporta evidencia sobre Seguridad y justicia. En términos sustantivos, registra: Plantea pasar 50.000 hombres del Ejercito a la Policia, reducir generales y cortar cualquier proceso de paz con grupos terroristas..","Plantea pasar 50.000 hombres del Ejercito a la Policia, reducir generales y cortar cualquier proceso de paz con grupos terroristas.","seguridad, justicia y paz","Plantea pasar 50.000 hombres del Ejercito a la Policia, reducir generales y cortar cualquier proceso de paz con grupos terroristas.",trazable_con_cautela,src-20260516-fajardo-50000-policias-caracoltv,src-20260516-fajardo-50000-policias-caracoltv-claim-1
source-analysis-src-20260518-ivan-lgbti-elpais,src-20260518-ivan-lgbti-elpais,ivan-cepeda,derechos-genero,"La fuente EL PAIS America Colombia aporta evidencia sobre Derechos, aborto y género. En términos sustantivos, registra: Promete prohibir las llamadas terapias de conversion y erradicar todas las formas de discriminacion contra la poblacion LGBTIQ+..",Promete prohibir las llamadas terapias de conversion y erradicar todas las formas de discriminacion contra la poblacion LGBTIQ+.,derechos y agenda social,Promete prohibir las llamadas terapias de conversion y erradicar todas las formas de discriminacion contra la poblacion LGBTIQ+.,trazable_con_cautela,src-20260518-ivan-lgbti-elpais,src-20260518-ivan-lgbti-elpais-claim-1
source-analysis-src-20260518-ivan-paz-rcn,src-20260518-ivan-paz-rcn,ivan-cepeda,politica-internacional-paz,"La fuente Noticias RCN aporta evidencia sobre Política internacional y paz. En términos sustantivos, registra: Mantendria dialogos con grupos armados solo cuando puedan terminar en resultados concretos y eficaces, junto con la implementacion del Acuerdo de Paz de 2016..","Mantendria dialogos con grupos armados solo cuando puedan terminar en resultados concretos y eficaces, junto con la implementacion del Acuerdo de Paz de 2016.","seguridad, justicia y paz","Mantendria dialogos con grupos armados solo cuando puedan terminar en resultados concretos y eficaces, junto con la implementacion del Acuerdo de Paz de 2016.",trazable_con_cautela,src-20260518-ivan-paz-rcn,src-20260518-ivan-paz-rcn-claim-1
source-analysis-src-manual-05f40435,src-manual-05f40435,claudia-lopez,vida-publica,"La fuente Infobae Com aporta evidencia sobre Vida pública y trayectoria. En términos sustantivos, registra: Claudia López y Leonardo Huerta presentan su plan de gobierno centrado en la lucha contra la corrupción y la polarización política.",Claudia López y Leonardo Huerta presentan su plan de gobierno centrado en la lucha contra la corrupción y la polarización política,"La fuente aporta contexto público, pero no deja una señal ideológica fuerte por sí sola.",Claudia López y Leonardo Huerta presentan su plan de gobierno centrado en la lucha contra la corrupción y la polarización política,trazable_con_cautela,src-manual-05f40435,src-manual-05f40435-claim-1
source-analysis-src-manual-09f50ce0,src-manual-09f50ce0,claudia-lopez,vida-publica,"La fuente Eltiempo Com aporta evidencia sobre Vida pública y trayectoria. En términos sustantivos, registra: La fuente registra un hecho público asociado a Claudia Nayibe López Hernández: Claudia López presentó su plan de gobierno: habla de seguridad con enfoque social y apuesta por superar la polarización..",La fuente registra un hecho público asociado a Claudia Nayibe López Hernández: Claudia López presentó su plan de gobierno: habla de seguridad con enfoque social y apuesta por superar la polarización.,"seguridad, justicia y paz",La fuente registra un hecho público asociado a Claudia Nayibe López Hernández: Claudia López presentó su plan de gobierno: habla de seguridad con enfoque social y apuesta por superar la polarización.,trazable_con_cautela,src-manual-09f50ce0,src-manual-09f50ce0-claim-1
source-analysis-src-manual-10314ccb,src-manual-10314ccb,paloma-valencia,vida-publica,"La fuente Elheraldo Co aporta evidencia sobre Vida pública y trayectoria. En términos sustantivos, registra: Las cinco ‘bombas’ que Paloma Valencia y Juan Daniel Oviedo planean “desactivar” para “estabilizar” el país.",Las cinco ‘bombas’ que Paloma Valencia y Juan Daniel Oviedo planean “desactivar” para “estabilizar” el país,"La fuente aporta contexto público, pero no deja una señal ideológica fuerte por sí sola.",Las cinco ‘bombas’ que Paloma Valencia y Juan Daniel Oviedo planean “desactivar” para “estabilizar” el país,trazable_con_cautela,src-manual-10314ccb,src-manual-10314ccb-claim-1
source-analysis-src-manual-15c36428,src-manual-15c36428,miguel-uribe,trayectoria-publica,"La fuente Portafolio Co aporta evidencia sobre Trayectoria pública. En términos sustantivos, registra: La fuente registra un hecho público asociado a Miguel Uribe Londoño: Es oficial: Miguel Uribe Londoño se inscribió en la carrera por la Presidencia de la República..",La fuente registra un hecho público asociado a Miguel Uribe Londoño: Es oficial: Miguel Uribe Londoño se inscribió en la carrera por la Presidencia de la República.,"La fuente aporta contexto público, pero no deja una señal ideológica fuerte por sí sola.",La fuente registra un hecho público asociado a Miguel Uribe Londoño: Es oficial: Miguel Uribe Londoño se inscribió en la carrera por la Presidencia de la República.,trazable_con_cautela,src-manual-15c36428,src-manual-15c36428-claim-1
source-analysis-src-manual-195a1706,src-manual-195a1706,ivan-cepeda,educacion-superior,"La fuente Ivancepedacastro Com aporta evidencia sobre Educación superior. En términos sustantivos, registra: La fuente registra un hecho público asociado a Iván Cepeda Castro: Iván Cepeda Senador de la República de Colombia..",La fuente registra un hecho público asociado a Iván Cepeda Castro: Iván Cepeda Senador de la República de Colombia.,"La fuente aporta contexto público, pero no deja una señal ideológica fuerte por sí sola.",La fuente registra un hecho público asociado a Iván Cepeda Castro: Iván Cepeda Senador de la República de Colombia.,trazable_con_cautela,src-manual-195a1706,src-manual-195a1706-claim-1
source-analysis-src-manual-1ce02e20,src-manual-1ce02e20,roy-barreras,trayectoria-publica,"La fuente Elespectador Com aporta evidencia sobre Trayectoria pública. En términos sustantivos, registra: La fuente registra un hecho público asociado a Roy Leonardo Barreras Montealegre: Roy Barreras llegará a la primera vuelta presidencial y seguirá su camino por la Casa de Nariño..",La fuente registra un hecho público asociado a Roy Leonardo Barreras Montealegre: Roy Barreras llegará a la primera vuelta presidencial y seguirá su camino por la Casa de Nariño.,"La fuente aporta contexto público, pero no deja una señal ideológica fuerte por sí sola.",La fuente registra un hecho público asociado a Roy Leonardo Barreras Montealegre: Roy Barreras llegará a la primera vuelta presidencial y seguirá su camino por la Casa de Nariño.,trazable_con_cautela,src-manual-1ce02e20,src-manual-1ce02e20-claim-1
source-analysis-src-manual-1cf85d8c,src-manual-1cf85d8c,paloma-valencia,vida-publica,"La fuente Semana Com aporta evidencia sobre Vida pública y trayectoria. En términos sustantivos, registra: Paloma Valencia y Juan Daniel Oviedo presentaron su “Plan 10”: este es su programa de gobierno para las presidenciales.",Paloma Valencia y Juan Daniel Oviedo presentaron su “Plan 10”: este es su programa de gobierno para las presidenciales,"La fuente aporta contexto público, pero no deja una señal ideológica fuerte por sí sola.",Paloma Valencia y Juan Daniel Oviedo presentaron su “Plan 10”: este es su programa de gobierno para las presidenciales,trazable_con_cautela,src-manual-1cf85d8c,src-manual-1cf85d8c-claim-1
source-analysis-src-manual-1dc39c95,src-manual-1dc39c95,carlos-caicedo,vida-publica,"La fuente Elpais Com Co aporta evidencia sobre Vida pública y trayectoria. En términos sustantivos, registra: Carlos Caicedo, candidato presidencial que busca llegar a la Casa de Nariño este 2026.","Carlos Caicedo, candidato presidencial que busca llegar a la Casa de Nariño este 2026","La fuente aporta contexto público, pero no deja una señal ideológica fuerte por sí sola.","Carlos Caicedo, candidato presidencial que busca llegar a la Casa de Nariño este 2026",trazable_con_cautela,src-manual-1dc39c95,src-manual-1dc39c95-claim-1
source-analysis-src-manual-1e42b541,src-manual-1e42b541,claudia-lopez,trayectoria-publica,"La fuente Noticiasrcn Com aporta evidencia sobre Trayectoria pública. En términos sustantivos, registra: La fuente registra un hecho público asociado a Claudia Nayibe López Hernández: Candidatos de la Consulta de las Soluciones hablan de sus propuestas en seguridad y econom&#xED;a..",La fuente registra un hecho público asociado a Claudia Nayibe López Hernández: Candidatos de la Consulta de las Soluciones hablan de sus propuestas en seguridad y econom&#xED;a.,"seguridad, justicia y paz",La fuente registra un hecho público asociado a Claudia Nayibe López Hernández: Candidatos de la Consulta de las Soluciones hablan de sus propuestas en seguridad y econom&#xED;a.,trazable_con_cautela,src-manual-1e42b541,src-manual-1e42b541-claim-1
source-analysis-src-manual-20013e75,src-manual-20013e75,carlos-caicedo,trayectoria-publica,"La fuente Elespectador Com aporta evidencia sobre Trayectoria pública. En términos sustantivos, registra: Su trayectoria como alcalde, rector, su partido y más de su hoja de vida.","Su trayectoria como alcalde, rector, su partido y más de su hoja de vida","La fuente aporta contexto público, pero no deja una señal ideológica fuerte por sí sola.","Su trayectoria como alcalde, rector, su partido y más de su hoja de vida",trazable_con_cautela,src-manual-20013e75,src-manual-20013e75-claim-1
source-analysis-src-manual-21c198da,src-manual-21c198da,paloma-valencia,seguridad-ciudadana,"La fuente Canal1 Com Co aporta evidencia sobre Seguridad ciudadana. En términos sustantivos, registra: Mano firme contra la criminalidad: las propuestas de Paloma Valencia.",Mano firme contra la criminalidad: las propuestas de Paloma Valencia,"La fuente aporta contexto público, pero no deja una señal ideológica fuerte por sí sola.",Mano firme contra la criminalidad: las propuestas de Paloma Valencia,trazable_con_cautela,src-manual-21c198da,src-manual-21c198da-claim-1
source-analysis-src-manual-21c82915,src-manual-21c82915,abelardo-de-la-espriella,seguridad-ciudadana,"La fuente Caracol Com Co aporta evidencia sobre Seguridad ciudadana. En términos sustantivos, registra: La fuente registra un hecho público asociado a Abelardo Gabriel de la Espriella: Así es el plan de Abelardo de la Espriella para recuperar el control territorial en 90 días..",La fuente registra un hecho público asociado a Abelardo Gabriel de la Espriella: Así es el plan de Abelardo de la Espriella para recuperar el control territorial en 90 días.,"La fuente aporta contexto público, pero no deja una señal ideológica fuerte por sí sola.",La fuente registra un hecho público asociado a Abelardo Gabriel de la Espriella: Así es el plan de Abelardo de la Espriella para recuperar el control territorial en 90 días.,trazable_con_cautela,src-manual-21c82915,src-manual-21c82915-claim-1
source-analysis-src-manual-25877365,src-manual-25877365,gustavo-matamoros,vida-publica,"La fuente Noticiascaracol Com aporta evidencia sobre Vida pública y trayectoria. En términos sustantivos, registra: Las propuestas de Gustavo Matamoros en seguridad y su programa para “las cinco Colombias”.",Las propuestas de Gustavo Matamoros en seguridad y su programa para “las cinco Colombias”,"seguridad, justicia y paz",Las propuestas de Gustavo Matamoros en seguridad y su programa para “las cinco Colombias”,trazable_con_cautela,src-manual-25877365,src-manual-25877365-claim-1
source-analysis-src-manual-2c779d51,src-manual-2c779d51,clara-lopez,trayectoria-publica,"La fuente Eltiempo Com aporta evidencia sobre Trayectoria pública. En términos sustantivos, registra: La fuente registra un hecho público asociado a Clara Eugenia López Obregón: Campaña de Iván Cepeda recibe el respaldo de Clara López y congresistas de la Alianza Verde, ¿a quiénes espera para los próximos días?..","La fuente registra un hecho público asociado a Clara Eugenia López Obregón: Campaña de Iván Cepeda recibe el respaldo de Clara López y congresistas de la Alianza Verde, ¿a quiénes espera para los próximos días?.","La fuente aporta contexto público, pero no deja una señal ideológica fuerte por sí sola.","La fuente registra un hecho público asociado a Clara Eugenia López Obregón: Campaña de Iván Cepeda recibe el respaldo de Clara López y congresistas de la Alianza Verde, ¿a quiénes espera para los próximos días?.",trazable_con_cautela,src-manual-2c779d51,src-manual-2c779d51-claim-1
source-analysis-src-manual-2df95543,src-manual-2df95543,carlos-caicedo,trayectoria-publica,"La fuente Diariolalibertad Com aporta evidencia sobre Trayectoria pública. En términos sustantivos, registra: La fuente registra un hecho público asociado a Carlos Eduardo Caicedo Omar: Tres Millones De Firmas Respaldaran La Aspiracion Presidencial De Carlos Caicedo..",La fuente registra un hecho público asociado a Carlos Eduardo Caicedo Omar: Tres Millones De Firmas Respaldaran La Aspiracion Presidencial De Carlos Caicedo.,"La fuente aporta contexto público, pero no deja una señal ideológica fuerte por sí sola.",La fuente registra un hecho público asociado a Carlos Eduardo Caicedo Omar: Tres Millones De Firmas Respaldaran La Aspiracion Presidencial De Carlos Caicedo.,trazable_con_cautela,src-manual-2df95543,src-manual-2df95543-claim-1
source-analysis-src-manual-2e1819df,src-manual-2e1819df,carlos-caicedo,paz,"La fuente Infobae Com aporta evidencia sobre Paz y conflicto armado. En términos sustantivos, registra: Carlos Caicedo sobre sus propuestas de paz.",Carlos Caicedo sobre sus propuestas de paz,"seguridad, justicia y paz",Carlos Caicedo sobre sus propuestas de paz,trazable_con_cautela,src-manual-2e1819df,src-manual-2e1819df-claim-1
source-analysis-src-manual-30548c04,src-manual-30548c04,gustavo-matamoros,trayectoria-publica,"La fuente Elespectador Com aporta evidencia sobre Trayectoria pública. En términos sustantivos, registra: La fuente registra un hecho público asociado a Gustavo Matamoros Camacho: Gustavo Matamoros quién es el general que quiere ser presidente de Colombia perfil y trayectoria del candidato..",La fuente registra un hecho público asociado a Gustavo Matamoros Camacho: Gustavo Matamoros quién es el general que quiere ser presidente de Colombia perfil y trayectoria del candidato.,"La fuente aporta contexto público, pero no deja una señal ideológica fuerte por sí sola.",La fuente registra un hecho público asociado a Gustavo Matamoros Camacho: Gustavo Matamoros quién es el general que quiere ser presidente de Colombia perfil y trayectoria del candidato.,trazable_con_cautela,src-manual-30548c04,src-manual-30548c04-claim-1
source-analysis-src-manual-3ba61356,src-manual-3ba61356,roy-barreras,trayectoria-publica,"La fuente Infobae Com aporta evidencia sobre Trayectoria pública. En términos sustantivos, registra: Roy Barreras propuso cambios en el período presidencial que afectaría a los actuales alcaldes y gobernadores: “Tendrían que gobernar dos años más”.",Roy Barreras propuso cambios en el período presidencial que afectaría a los actuales alcaldes y gobernadores: “Tendrían que gobernar dos años más”,"La fuente aporta contexto público, pero no deja una señal ideológica fuerte por sí sola.",Roy Barreras propuso cambios en el período presidencial que afectaría a los actuales alcaldes y gobernadores: “Tendrían que gobernar dos años más”,trazable_con_cautela,src-manual-3ba61356,src-manual-3ba61356-claim-1
source-analysis-src-manual-3f137281,src-manual-3f137281,mauricio-lizcano,trayectoria-publica,"La fuente 360radio Com Co aporta evidencia sobre Trayectoria pública. En términos sustantivos, registra: La fuente registra un hecho público asociado a Óscar Mauricio Lizcano Arango: Mauricio Lizcano revela detalles de sus propuestas para elecciones 2026..",La fuente registra un hecho público asociado a Óscar Mauricio Lizcano Arango: Mauricio Lizcano revela detalles de sus propuestas para elecciones 2026.,"La fuente aporta contexto público, pero no deja una señal ideológica fuerte por sí sola.",La fuente registra un hecho público asociado a Óscar Mauricio Lizcano Arango: Mauricio Lizcano revela detalles de sus propuestas para elecciones 2026.,trazable_con_cautela,src-manual-3f137281,src-manual-3f137281-claim-1
source-analysis-src-manual-40347029,src-manual-40347029,miguel-uribe,trayectoria-publica,"La fuente Migueluribe Com aporta evidencia sobre Trayectoria pública. En términos sustantivos, registra: Candidato Presidencial 2026 | Colombia.",Candidato Presidencial 2026 | Colombia,"La fuente aporta contexto público, pero no deja una señal ideológica fuerte por sí sola.",Candidato Presidencial 2026 | Colombia,trazable_con_cautela,src-manual-40347029,src-manual-40347029-claim-1
source-analysis-src-manual-40921854,src-manual-40921854,luis-gilberto-murillo,trayectoria-publica,"La fuente Elespectador Com aporta evidencia sobre Trayectoria pública. En términos sustantivos, registra: La fuente registra un hecho público asociado a Luis Gilberto Murillo Urrutia: Luis Gilberto Murillo busca la Presidencia: quién es, cargos, hoja de vida, por qué renunció a Cancillería..","La fuente registra un hecho público asociado a Luis Gilberto Murillo Urrutia: Luis Gilberto Murillo busca la Presidencia: quién es, cargos, hoja de vida, por qué renunció a Cancillería.","La fuente aporta contexto público, pero no deja una señal ideológica fuerte por sí sola.","La fuente registra un hecho público asociado a Luis Gilberto Murillo Urrutia: Luis Gilberto Murillo busca la Presidencia: quién es, cargos, hoja de vida, por qué renunció a Cancillería.",trazable_con_cautela,src-manual-40921854,src-manual-40921854-claim-1
source-analysis-src-manual-4895df7e,src-manual-4895df7e,sergio-fajardo,trayectoria-publica,"La fuente 360radio Com Co aporta evidencia sobre Trayectoria pública. En términos sustantivos, registra: La fuente registra un hecho público asociado a Sergio Fajardo Valderrama: Vea aquí las propuestas de Sergio Fajardo para presidente 2026..",La fuente registra un hecho público asociado a Sergio Fajardo Valderrama: Vea aquí las propuestas de Sergio Fajardo para presidente 2026.,"La fuente aporta contexto público, pero no deja una señal ideológica fuerte por sí sola.",La fuente registra un hecho público asociado a Sergio Fajardo Valderrama: Vea aquí las propuestas de Sergio Fajardo para presidente 2026.,trazable_con_cautela,src-manual-4895df7e,src-manual-4895df7e-claim-1
source-analysis-src-manual-4dc0f536,src-manual-4dc0f536,gustavo-matamoros,trayectoria-publica,"La fuente Elheraldo Co aporta evidencia sobre Trayectoria pública. En términos sustantivos, registra: El general retirado Gustavo Matamoros inscribió su candidatura presidencial ante la Registraduría.",El general retirado Gustavo Matamoros inscribió su candidatura presidencial ante la Registraduría,"La fuente aporta contexto público, pero no deja una señal ideológica fuerte por sí sola.",El general retirado Gustavo Matamoros inscribió su candidatura presidencial ante la Registraduría,trazable_con_cautela,src-manual-4dc0f536,src-manual-4dc0f536-claim-1
source-analysis-src-manual-5a3d637e,src-manual-5a3d637e,mauricio-lizcano,trayectoria-publica,"La fuente Wradio Com Co aporta evidencia sobre Trayectoria pública. En términos sustantivos, registra: La fuente registra un hecho público asociado a Óscar Mauricio Lizcano Arango: Mauricio Lizcano confirmó que será candidato a la Presidencia hacia el 2026..",La fuente registra un hecho público asociado a Óscar Mauricio Lizcano Arango: Mauricio Lizcano confirmó que será candidato a la Presidencia hacia el 2026.,"La fuente aporta contexto público, pero no deja una señal ideológica fuerte por sí sola.",La fuente registra un hecho público asociado a Óscar Mauricio Lizcano Arango: Mauricio Lizcano confirmó que será candidato a la Presidencia hacia el 2026.,trazable_con_cautela,src-manual-5a3d637e,src-manual-5a3d637e-claim-1
source-analysis-src-manual-5aa471d6,src-manual-5aa471d6,roy-barreras,trayectoria-publica,"La fuente Wradio Com Co aporta evidencia sobre Trayectoria pública. En términos sustantivos, registra: La fuente registra un hecho público asociado a Roy Leonardo Barreras Montealegre: Roy Barreras oficializó su candidatura presidencial y una de sus banderas será la “seguridad total”..",La fuente registra un hecho público asociado a Roy Leonardo Barreras Montealegre: Roy Barreras oficializó su candidatura presidencial y una de sus banderas será la “seguridad total”.,"seguridad, justicia y paz",La fuente registra un hecho público asociado a Roy Leonardo Barreras Montealegre: Roy Barreras oficializó su candidatura presidencial y una de sus banderas será la “seguridad total”.,trazable_con_cautela,src-manual-5aa471d6,src-manual-5aa471d6-claim-1
source-analysis-src-manual-5bbd0995,src-manual-5bbd0995,luis-gilberto-murillo,trayectoria-publica,"La fuente Murilloporcolombia Com aporta evidencia sobre Trayectoria pública. En términos sustantivos, registra: La fuente registra un hecho público asociado a Luis Gilberto Murillo Urrutia: Quién es Luis Gilberto Murillo Biografía, trayectoria..","La fuente registra un hecho público asociado a Luis Gilberto Murillo Urrutia: Quién es Luis Gilberto Murillo Biografía, trayectoria.","La fuente aporta contexto público, pero no deja una señal ideológica fuerte por sí sola.","La fuente registra un hecho público asociado a Luis Gilberto Murillo Urrutia: Quién es Luis Gilberto Murillo Biografía, trayectoria.",trazable_con_cautela,src-manual-5bbd0995,src-manual-5bbd0995-claim-1
source-analysis-src-manual-5d53f18f,src-manual-5d53f18f,mauricio-lizcano,trayectoria-publica,"La fuente Elespectador Com aporta evidencia sobre Trayectoria pública. En términos sustantivos, registra: La fuente registra un hecho público asociado a Óscar Mauricio Lizcano Arango: Quién es Mauricio Lizcano: estos son los giros de la vida y la política detrás de su candidatura presidencial..",La fuente registra un hecho público asociado a Óscar Mauricio Lizcano Arango: Quién es Mauricio Lizcano: estos son los giros de la vida y la política detrás de su candidatura presidencial.,"La fuente aporta contexto público, pero no deja una señal ideológica fuerte por sí sola.",La fuente registra un hecho público asociado a Óscar Mauricio Lizcano Arango: Quién es Mauricio Lizcano: estos son los giros de la vida y la política detrás de su candidatura presidencial.,trazable_con_cautela,src-manual-5d53f18f,src-manual-5d53f18f-claim-1
source-analysis-src-manual-5e114fad,src-manual-5e114fad,gustavo-matamoros,paz,"La fuente Elpais Com Co aporta evidencia sobre Paz y conflicto armado. En términos sustantivos, registra: ¿Qué hará con la JEP Gustavo Matamoros si llega a la Presidencia?.",¿Qué hará con la JEP Gustavo Matamoros si llega a la Presidencia?,"seguridad, justicia y paz",¿Qué hará con la JEP Gustavo Matamoros si llega a la Presidencia?,trazable_con_cautela,src-manual-5e114fad,src-manual-5e114fad-claim-1
source-analysis-src-manual-6e32a8d5,src-manual-6e32a8d5,clara-lopez,trayectoria-publica,"La fuente Portafolio Co aporta evidencia sobre Trayectoria pública. En términos sustantivos, registra: La fuente registra un hecho público asociado a Clara Eugenia López Obregón: Clara López inscribe oficialmente su candidatura presidencial 2026..",La fuente registra un hecho público asociado a Clara Eugenia López Obregón: Clara López inscribe oficialmente su candidatura presidencial 2026.,"La fuente aporta contexto público, pero no deja una señal ideológica fuerte por sí sola.",La fuente registra un hecho público asociado a Clara Eugenia López Obregón: Clara López inscribe oficialmente su candidatura presidencial 2026.,trazable_con_cautela,src-manual-6e32a8d5,src-manual-6e32a8d5-claim-1
source-analysis-src-manual-7087b35f,src-manual-7087b35f,roy-barreras,trayectoria-publica,"La fuente Roybarreras Com aporta evidencia sobre Trayectoria pública. En términos sustantivos, registra: La fuente registra un hecho público asociado a Roy Leonardo Barreras Montealegre: Roy Barrearas Presidente - Roy Barreras..",La fuente registra un hecho público asociado a Roy Leonardo Barreras Montealegre: Roy Barrearas Presidente - Roy Barreras.,"La fuente aporta contexto público, pero no deja una señal ideológica fuerte por sí sola.",La fuente registra un hecho público asociado a Roy Leonardo Barreras Montealegre: Roy Barrearas Presidente - Roy Barreras.,trazable_con_cautela,src-manual-7087b35f,src-manual-7087b35f-claim-1
source-analysis-src-manual-78dafdfc,src-manual-78dafdfc,mauricio-lizcano,trayectoria-publica,"La fuente Mauriciolizcano Co aporta evidencia sobre Trayectoria pública. En términos sustantivos, registra: La fuente registra un hecho público asociado a Óscar Mauricio Lizcano Arango: Mauricio Lizcano – Candidato Presidencial 2026..",La fuente registra un hecho público asociado a Óscar Mauricio Lizcano Arango: Mauricio Lizcano – Candidato Presidencial 2026.,"La fuente aporta contexto público, pero no deja una señal ideológica fuerte por sí sola.",La fuente registra un hecho público asociado a Óscar Mauricio Lizcano Arango: Mauricio Lizcano – Candidato Presidencial 2026.,trazable_con_cautela,src-manual-78dafdfc,src-manual-78dafdfc-claim-1
